first_name,last_name,email,phone,account,job_title,department,is_primary
John,Smith,john.smith@example.com,+1-555-123-4567,IND001,CEO,Executive,True
Jane,Doe,jane.doe@example.com,+1-555-987-6543,IND002,CFO,Finance,True
Michael,Johnson,michael.johnson@acme.example.com,+1-555-456-7890,ACM001,CTO,Technology,True
Sarah,Williams,sarah.williams@acme.example.com,+1-555-234-5678,ACM001,COO,Operations,False
David,Brown,david.brown@techstart.example.com,+1-555-345-6789,TECH002,CEO,Executive,True
